{"min":0,"max":1004,"probs":[0.00013653181874035745,0.24983274852204307,0.39481588684242863,0.18608604235217016,0.10117690427754188,0.042993869721338555,0.014547465286785086,0.006457955026418907,0.0026350641016888985,0.0007645781849460017,0.0003140231831028221,0.00019114454623650042,0.000027306363748071488,0.000020479772811053617,0.000006826590937017872]}